,Feature,Significant Value
0,avg_byte,225.06770693397544
1,var_byte,68909.88030400325
2,pack_exc,27.62919547139565
3,byte_exc,30870.524095781984
4,percent_push,3.7017833219165075
5,src_port,6979.723674982467
6,dst_port,7047.541729285643
7,std_byte,101.36350980751612
